mean_fit_time,std_fit_time,mean_score_time,std_score_time,param_subsample,param_min_child_weight,param_max_depth,param_gamma,param_colsample_bytree,params,split0_test_score,split1_test_score,split2_test_score,mean_test_score,std_test_score,rank_test_score
697.6348333358765,1.0276878230610398,0.9190286795298258,0.03712481161667983,0.4,10,9,2,0.4,"{'subsample': 0.4, 'min_child_weight': 10, 'max_depth': 9, 'gamma': 2, 'colsample_bytree': 0.4}",-0.12445673384675997,-0.12334296701430436,-0.12787314204816685,-0.1252242571194522,0.0019274202635007115,3
897.8064306577047,25.493509902584158,1.530319054921468,0.07450676960063414,0.6,10,9,0.5,0.6,"{'subsample': 0.6, 'min_child_weight': 10, 'max_depth': 9, 'gamma': 0.5, 'colsample_bytree': 0.6}",-0.11380270194541207,-0.11226542474375054,-0.11186825793130628,-0.11264546853808186,0.000834202463957818,2
1115.7968256473541,18.40182971511742,1.3967278798421223,0.18955454050426113,0.6,10,9,0.5,0.8,"{'subsample': 0.6, 'min_child_weight': 10, 'max_depth': 9, 'gamma': 0.5, 'colsample_bytree': 0.8}",-0.11084513912145334,-0.11026551070434161,-0.10988928934971942,-0.11033331705648527,0.00039315772135847273,1
526.9715356032053,25.143173070365183,0.6621433099110922,0.0634438859397474,0.8,10,7,5,0.4,"{'subsample': 0.8, 'min_child_weight': 10, 'max_depth': 7, 'gamma': 5, 'colsample_bytree': 0.4}",-0.1331275458560701,-0.1339690921066513,-0.13662461271762838,-0.1345737317608589,0.0014903133743328473,4
